,料理名,魚介系,肉系,野菜系,フルーツ系,デザート系,乳製品,和食,パン,中華,カレー,イタリアン,スパイシーなもの,手軽なもの,がっつりしたもの,ふわっとしたもの,画像,URL
0,主人が、いくらでも食べれると絶賛のナス・ピーマン,0,0,1,0,0,0,1,0,0,0,0,0,0,0,0,https://image.space.rakuten.co.jp/d/strg/ctrl/3/eb2f27f434436225566c034083f98ddf2aaa0a50.50.2.3.2.jpg,https://recipe.rakuten.co.jp/recipe/1290001623/
1,なすがとろける✿簡単❤焼きなすの煮びたし,0,0,1,0,0,0,0,0,0,0,0,0,1,1,0,https://image.space.rakuten.co.jp/d/strg/ctrl/3/1f7d28e4fbbeed2f559e0ee7f2a56392702f8c2f.30.2.3.2.jpg,https://recipe.rakuten.co.jp/recipe/1010011230/
2,オクラのおかか醤油,0,0,1,0,0,0,1,0,0,0,0,0,0,0,0,https://image.space.rakuten.co.jp/d/strg/ctrl/3/b90eb2c1d9ae2f75ee4233062d8c4ff9a92eb76a.54.2.3.2.jpg,https://recipe.rakuten.co.jp/recipe/1220003007/
3,ささみときゅうりの中華風酢の物,0,0,1,0,0,0,1,0,1,0,0,1,0,0,0,https://image.space.rakuten.co.jp/d/strg/ctrl/3/eb6820a8c1b7035022ebbd7cd621ece8221a65e8.97.2.3.2.jpg,https://recipe.rakuten.co.jp/recipe/1180006148/
4,意外と簡単！フライパンでチーズタッカルビ,0,1,1,0,0,1,0,0,0,0,0,0,0,0,0,https://image.space.rakuten.co.jp/d/strg/ctrl/3/eb64cb7361d78a05b550db793ed748fa476b4e46.87.2.3.2.jpg,https://recipe.rakuten.co.jp/recipe/1620025077/
5,マヨった時は、フライパン1つの「マヨチキン」,0,1,0,0,0,0,1,1,0,1,0,0,1,0,0,https://image.space.rakuten.co.jp/d/strg/ctrl/3/2ffb60f5f4165b3d60025e2be58ae9c4022aac7a.33.2.3.2.jpg,https://recipe.rakuten.co.jp/recipe/1720001297/
6,何度も作ってたどり着いた、絶品しっとり鶏ハム,0,1,1,0,0,0,1,0,0,0,0,0,0,0,0,https://image.space.rakuten.co.jp/d/strg/ctrl/3/01373fded3ea12091a6f9bcd70de99b71405a5bd.19.2.3.2.jpg,https://recipe.rakuten.co.jp/recipe/1410009692/
7,簡単！フライパンだけでローストビーフ♡,0,1,1,0,0,0,1,0,0,0,0,0,1,1,0,https://image.space.rakuten.co.jp/d/strg/ctrl/3/4d60668203b4a36083db322f0fdbf645eecc06b0.31.2.3.2.jpg,https://recipe.rakuten.co.jp/recipe/1810016351/
8,缶詰で簡単♪鯖と玉ねぎの味噌煮,1,0,1,0,0,0,1,0,0,0,0,0,1,1,0,https://image.space.rakuten.co.jp/d/strg/ctrl/3/dbd46ce3649369c1262eff5e72a730a018543920.49.2.3.2.jpg,https://recipe.rakuten.co.jp/recipe/1760025875/
9,【コツ】鮎の塩焼き・グリルで美味しい鮎の焼き方,1,0,0,0,0,0,1,0,0,0,0,0,0,1,0,https://image.space.rakuten.co.jp/d/strg/ctrl/3/55d516dd2ddc38a923e286d778c8a9a643de2f24.86.2.3.2.jpg,https://recipe.rakuten.co.jp/recipe/1220011789/
10,万能!!黄金比の照り焼きのタレ,0,1,1,0,0,0,1,0,0,0,0,0,0,1,0,https://image.space.rakuten.co.jp/d/strg/ctrl/3/4f889a344d9efe26f9531fd0262fc1329f641003.78.2.3.2.jpg,https://recipe.rakuten.co.jp/recipe/1770021366/
11,炊飯器に鯛を丸ごとはダメ！美味しい鯛飯を炊くコツ！,1,0,0,0,0,0,1,0,0,0,0,0,1,1,0,https://image.space.rakuten.co.jp/d/strg/ctrl/3/e216095ef081be50003651154fcc0a7c618ab40f.82.2.3.2.jpg,https://recipe.rakuten.co.jp/recipe/1390032255/
12,3分で簡単ニラ玉,0,1,0,0,0,0,0,0,0,0,0,0,1,0,0,https://image.space.rakuten.co.jp/d/strg/ctrl/3/313831a352e76a1f11085541858c10eb3b7251d5.93.2.3.2.jpg,https://recipe.rakuten.co.jp/recipe/1010018283/
13,簡単すぎる♫けど美味しい♫ふわトロ天津飯,0,1,1,0,0,0,1,0,0,0,0,1,1,1,0,https://image.space.rakuten.co.jp/d/strg/ctrl/3/2e9a5dfd86199a24115d495ad6d121890f519fd3.12.2.3.2.jpg,https://recipe.rakuten.co.jp/recipe/1510016881/
14,プロ直伝！ニラともやしの卵炒め,0,0,1,0,0,0,1,0,0,0,0,0,0,1,0,https://image.space.rakuten.co.jp/d/strg/ctrl/3/470d7126e612f8c2c2bd49bda6ec71c57cb8fa5f.46.2.3.2.jpg,https://recipe.rakuten.co.jp/recipe/1050010995/
15,♪♪吉●家より美味しい？ツユだく吉野家風牛丼♪♪,0,1,1,0,0,0,1,0,0,0,0,0,1,0,0,https://image.space.rakuten.co.jp/d/strg/ctrl/3/66df3bdac2dc366427fc0dd68e8da799b8d06e99.21.2.3.2.jpg,https://recipe.rakuten.co.jp/recipe/1210001576/
16,家にあるもので簡単タコライス♪,0,1,1,0,0,1,1,0,0,1,0,0,1,1,0,https://image.space.rakuten.co.jp/d/strg/ctrl/3/a2cd7c7e903b310943fba0b6c45bd7eed6c17da1.86.2.3.2.jpg,https://recipe.rakuten.co.jp/recipe/1890007828/
17,簡単！失敗なし！生クリーム不要！濃厚カルボナーラ♪,0,1,0,0,0,1,1,0,0,0,1,0,0,0,0,https://image.space.rakuten.co.jp/d/strg/ctrl/3/b9cc124420f61fdf2cb65d41592da944fb09a88e.70.2.3.2.jpg,https://recipe.rakuten.co.jp/recipe/1490006720/
18,我が家のバジルソース（ジェノベーゼ）,0,0,1,0,0,0,1,0,0,0,0,0,1,1,0,https://image.space.rakuten.co.jp/d/strg/ctrl/3/27d3bca54b12390819cb61da84b5d57f0fe0b7ba.15.2.3.2.jpg,https://recipe.rakuten.co.jp/recipe/1050014743/
19,牛乳で簡単♪明太子クリームパスタ,0,1,0,0,0,1,1,0,0,0,1,0,0,0,0,https://image.space.rakuten.co.jp/d/strg/ctrl/3/496442093958c55c86f5acfdd62f208ff06464f0.76.2.3.2.jpg,https://recipe.rakuten.co.jp/recipe/1770001825/
20,カレーの残りで！☆簡単カレーうどん☆,0,0,1,0,0,0,1,0,0,1,0,0,1,0,0,https://image.space.rakuten.co.jp/d/strg/ctrl/3/508338eaaad906314c31229df5e927a6a852a827.32.2.3.2.jpg,https://recipe.rakuten.co.jp/recipe/1490004239/
21,手作りもんじゃ焼き,0,0,1,0,0,1,1,0,0,0,0,0,0,1,0,https://image.space.rakuten.co.jp/d/strg/ctrl/3/f07df24c3518a78142da55f7c31cce8a614f31f5.25.2.3.2.jpg,https://recipe.rakuten.co.jp/recipe/1940001652/
22,レンジで30秒。温玉or半熟卵 お好みのままに♪,0,0,0,0,0,0,1,0,0,0,0,0,1,0,0,https://image.space.rakuten.co.jp/d/strg/ctrl/3/660e3a39358ee138ae62fb41cb0f198db8643d23.68.2.3.2.jpg,https://recipe.rakuten.co.jp/recipe/1710001885/
23,＊そうめんに＊ピリ辛中華風つけ汁,0,0,1,0,0,0,1,0,1,0,0,0,0,1,0,https://image.space.rakuten.co.jp/d/strg/ctrl/3/6ff113ac50e9ab259ce85ac173bd7308c11209f7.70.2.3.2.jpg,https://recipe.rakuten.co.jp/recipe/1990033265/
24,とうもろこしから作る　コーンポタージュ,0,1,1,0,0,1,1,0,0,0,0,0,0,0,0,https://image.space.rakuten.co.jp/d/strg/ctrl/3/ec23ae055a97e73a8fd37280ce1f6a47d187bc3a.61.2.3.2.jpg,https://recipe.rakuten.co.jp/recipe/1530004457/
25,20分煮込むだけ！　丸ごと玉葱(たまねぎ)スープ,0,0,1,0,0,1,0,0,0,0,0,0,1,1,0,https://image.space.rakuten.co.jp/d/strg/ctrl/3/321dc217b98547b46e10784cd33af145c5016f1f.77.2.3.2.jpg,https://recipe.rakuten.co.jp/recipe/1760027863/
26,超簡単ホテルの味！じゃがいもの冷製ヴィシソワーズ,0,1,1,0,0,1,1,0,0,0,0,0,1,0,0,https://image.space.rakuten.co.jp/d/strg/ctrl/3/a1453d72c952334530a1ba41e5e55da927d4070c.52.2.3.2.jpg,https://recipe.rakuten.co.jp/recipe/1530003875/
27,濃厚！必ず褒められる！絶品簡単かぼちゃのスープ♡,0,1,1,0,0,1,1,0,0,0,0,0,1,0,0,https://image.space.rakuten.co.jp/d/strg/ctrl/3/d413fe493fa6eb4b41573e16d01724a00c84ba40.32.2.3.2.jpg,https://recipe.rakuten.co.jp/recipe/1830005904/
28,ぷりっぷりのモツがたっぷりなもつ鍋☆,0,1,1,0,0,0,1,0,1,0,0,0,1,0,0,https://image.space.rakuten.co.jp/d/strg/ctrl/3/c782f6683f723b0644c63399a775c4ef48c91049.85.2.3.2.jpg,https://recipe.rakuten.co.jp/recipe/1200008802/
29,長持ち！水菜の冷蔵、冷凍保存方法,0,0,1,0,0,0,0,0,0,0,0,0,1,0,0,https://image.space.rakuten.co.jp/d/strg/ctrl/3/feb6f236563e42d9c9092ab1d5eee74321aa6d75.95.2.3.2.jpg,https://recipe.rakuten.co.jp/recipe/1900015939/
30,簡単！安い！うまい！　豆腐チゲ,0,1,0,0,0,0,0,0,0,0,0,0,1,0,1,https://image.space.rakuten.co.jp/d/strg/ctrl/3/9c0d5c8f645cc2750dcd446d3246b7f0087e4324.50.2.3.2.jpg,https://recipe.rakuten.co.jp/recipe/1020005709/
31,簡単手作り☆鶏肉とキャベツの塩ちゃんこ鍋,0,1,1,0,0,0,1,0,0,0,0,0,1,0,1,https://image.space.rakuten.co.jp/d/strg/ctrl/3/65548eb76d4b2e6f81203443e4dae5ae15002031.24.2.3.2.jpg,https://recipe.rakuten.co.jp/recipe/1770022600/
32,＜定番シリーズ＞簡単なコツで美味しい冷しゃぶ,0,1,1,0,0,0,1,0,0,0,0,0,0,1,0,https://image.space.rakuten.co.jp/d/strg/ctrl/3/10deeadd63262e2f619252bd60545fd945e213fb.04.2.3.2.jpg,https://recipe.rakuten.co.jp/recipe/1260005009/
33,ゆで方がポイント!柔らか豚しゃぶサラダ,0,1,1,0,0,0,0,0,0,0,0,1,0,1,0,https://image.space.rakuten.co.jp/d/strg/ctrl/3/7888f26bae534670e6edd2ffe0cfa5e32946e081.20.2.3.2.jpg,https://recipe.rakuten.co.jp/recipe/1050003123/
34,ハムときゅうりともやしの中華サラダ,0,1,1,0,0,0,0,0,1,0,0,1,0,0,0,https://image.space.rakuten.co.jp/d/strg/ctrl/3/75315f8b9e4fd78fe37be3893d6578a3ba0dac57.04.2.3.2.jpg,https://recipe.rakuten.co.jp/recipe/1320006279/
35,簡単プロ直伝！叙々苑風チョレギサラダ,0,1,1,0,0,0,1,0,0,0,0,0,1,0,0,https://image.space.rakuten.co.jp/d/strg/ctrl/3/f2e8e06d8485d61ebcce896dccff0ea551f4b1fa.18.2.3.2.jpg,https://recipe.rakuten.co.jp/recipe/1930008205/
36,電子レンジでホットケーキミックス蒸しパン,0,1,0,0,1,1,0,1,0,0,0,0,1,0,0,https://image.space.rakuten.co.jp/d/strg/ctrl/3/2dc36713cfce833b1b84ad7fc1e2c4ce457bc440.50.2.3.2.jpg,https://recipe.rakuten.co.jp/recipe/1470018164/
37,簡単！混ぜるだけおから蒸しパン☆おからパウダー編☆,0,0,1,0,0,0,0,1,0,0,0,0,1,0,0,https://image.space.rakuten.co.jp/d/strg/ctrl/3/f10f94d16ceebc75465cbc4e8371ed23d204b562.46.2.3.2.jpg,https://recipe.rakuten.co.jp/recipe/1400020674/
38,簡単時短裏技！バゲットでフレンチトースト♪絶品朝食,0,1,0,0,0,1,0,1,0,0,0,0,1,0,0,https://image.space.rakuten.co.jp/d/strg/ctrl/3/4b39b21ef7064773315e2002efc38d0148321682.45.2.3.2.jpg,https://recipe.rakuten.co.jp/recipe/1330029721/
39,☆HB初心者サンにオススメ☆ふわふわ食パン,0,1,0,0,0,1,1,1,0,0,0,0,0,0,1,https://image.space.rakuten.co.jp/d/strg/ctrl/3/64b3f9163a5c637c0955109dbe9c06af562ee048.64.2.3.2.jpg,https://recipe.rakuten.co.jp/recipe/1290008462/
40,寒天屋さん直伝！牛乳寒天（基本編）,0,1,0,0,1,1,0,0,0,0,0,0,0,0,0,https://image.space.rakuten.co.jp/d/strg/ctrl/3/0f9ae034e3256d4f3f4a36d1607825b859f43175.44.2.3.2.jpg,https://recipe.rakuten.co.jp/recipe/1200006366/
41,材料５つ！幸せのパンケーキ風♡スフレパンケーキ♪,0,1,0,0,1,1,0,1,0,0,0,0,0,0,0,https://image.space.rakuten.co.jp/d/strg/ctrl/3/46885fbb824ae01673563ea6808b37f8cbbb01c5.34.2.3.2.jpg,https://recipe.rakuten.co.jp/recipe/1080014137/
42,ヨーグルトとHMで超簡単濃厚チーズケーキ,0,0,1,0,1,1,0,0,0,0,0,0,1,0,0,https://image.space.rakuten.co.jp/d/strg/ctrl/3/fb9abefb60934de5d3667ef32f2ce34f7e74b698.49.2.3.2.jpg,https://recipe.rakuten.co.jp/recipe/1270000746/
43,おからパウダー１００％　ポリポリおからクッキー,0,1,1,0,1,1,0,0,0,0,0,0,0,0,0,https://image.space.rakuten.co.jp/d/strg/ctrl/3/fc69fa459c4cfbff13cea3af29f71ef762452777.25.2.3.2.jpg,https://recipe.rakuten.co.jp/recipe/1930003836/
44,ご飯がすすむ！鶏むね肉のねぎ塩焼き,0,1,1,0,0,0,1,0,0,0,0,0,1,1,0,https://image.space.rakuten.co.jp/d/strg/ctrl/3/fbd7dd260d736654532e6c0b1ec185a0cede8675.49.2.3.2.jpg,https://recipe.rakuten.co.jp/recipe/1760028309/
45,お酢で疲労回復☆手羽元のさっぱり煮,0,1,1,0,0,0,0,0,0,0,0,1,1,1,0,https://image.space.rakuten.co.jp/d/strg/ctrl/3/2fd4ee7c388118c811c7c340377961862fee4a72.20.2.3.2.jpg,https://recipe.rakuten.co.jp/recipe/1570002039/
46,手抜きでも簡単美味しい！ぷりぷり海老マヨ！！！,1,1,1,0,0,1,1,0,0,0,0,0,1,0,0,https://image.space.rakuten.co.jp/d/strg/ctrl/3/9672a7e7cfbd1da82af6d46696777746d8662157.82.2.3.2.jpg,https://recipe.rakuten.co.jp/recipe/1390032207/
47,うまっ！超簡単！☆ガーリックシュリンプ☆,0,0,1,0,0,0,1,0,0,0,0,0,1,0,0,https://image.space.rakuten.co.jp/d/strg/ctrl/3/bf354c159f684b2f16ca1229c28a135e17040a46.32.2.3.2.jpg,https://recipe.rakuten.co.jp/recipe/1490006111/
48,揚げずにおつまみ ♡ タコの唐揚げ,0,0,0,0,0,0,1,0,0,0,0,0,1,1,0,https://image.space.rakuten.co.jp/d/strg/ctrl/3/0796e43a727b3cc60bbc0b1a29f765c20c6e0ff5.11.2.3.2.jpg,https://recipe.rakuten.co.jp/recipe/1330007292/
49,フライパンで作る☆　”屋台風イカ焼き”,1,0,1,0,0,0,1,1,0,0,0,0,1,1,0,https://image.space.rakuten.co.jp/d/strg/ctrl/3/96036ea804ae0f021a3763e20308e87f4ab011a1.20.2.3.2.jpg,https://recipe.rakuten.co.jp/recipe/1570000468/
50,1分で！うまうま胡麻キュウリ,0,1,1,0,0,0,1,0,0,0,0,0,1,0,0,https://image.space.rakuten.co.jp/d/strg/ctrl/3/34d4ce95b8674c8fb6c8f08b5115464a9f180c31.17.2.3.2.jpg,https://recipe.rakuten.co.jp/recipe/1200002403/
51,食べだすと止まらない！いんげん辛味噌炒め,0,0,1,0,0,0,1,0,0,0,0,0,0,1,0,https://image.space.rakuten.co.jp/d/strg/ctrl/3/66d87b07824ef2fff567ee978e83cd765a59200c.07.2.3.2.jpg,https://recipe.rakuten.co.jp/recipe/1140002687/
52,めちゃめちゃゴハンがすすむ！茄子と豚肉の味噌炒め,0,1,1,0,0,0,1,0,0,0,0,0,0,1,0,https://image.space.rakuten.co.jp/d/strg/ctrl/3/055009b0777e60f58e894ed5047eaa9e233d1eb5.83.2.3.2.jpg,https://recipe.rakuten.co.jp/recipe/1000004903/
53,シンプルだけど箸が止まらない☆ししとうの焼き浸し♪,0,0,0,0,0,0,0,0,0,0,0,1,1,1,0,https://image.space.rakuten.co.jp/d/strg/ctrl/3/346ec86fa6afbcf4226046f96778f7731000b59e.61.2.3.2.jpg,https://recipe.rakuten.co.jp/recipe/1490002008/
54,りんご酢で梅シロップ・梅ジュース♪,0,0,0,1,1,0,1,0,0,0,0,1,0,0,0,https://image.space.rakuten.co.jp/d/strg/ctrl/3/98002dd9298e5e843625fa9cc9b10b5a493005af.92.2.3.2.jpg,https://recipe.rakuten.co.jp/recipe/1390005488/
55,甘いカリカリ梅の作り方,0,0,1,0,0,0,1,0,0,0,0,0,0,0,0,https://image.space.rakuten.co.jp/d/strg/ctrl/3/5697dc04a30b904f8a96afe62c36617b8d9730a2.73.2.3.2.jpg,https://recipe.rakuten.co.jp/recipe/1980008267/
56,簡単＆手作り✿ブルーベリージャムの作り方❤,0,0,0,0,1,0,1,0,0,0,0,0,1,1,0,https://image.space.rakuten.co.jp/d/strg/ctrl/3/428873b27e72948340381d9ffbeb0fab6e6a0e9c.30.2.3.2.jpg,https://recipe.rakuten.co.jp/recipe/1010011252/
57,簡単　すももジャム,0,1,0,0,1,0,0,0,0,0,0,0,1,0,0,https://image.space.rakuten.co.jp/d/strg/ctrl/3/c0152b66bbf78372e72b7719aa75609612a76a39.17.2.3.2.jpg,https://recipe.rakuten.co.jp/recipe/1830006390/
58,簡単☆本格ハンバーグソース,0,1,0,0,0,1,0,1,0,0,0,0,0,1,0,https://image.space.rakuten.co.jp/d/strg/ctrl/3/50fe37bda3c657b77f2842d28727ceb3e8d89f4e.31.2.3.2.jpg,https://recipe.rakuten.co.jp/recipe/1570003792/
59,簡単！和風ドレッシング,0,0,1,0,0,0,0,0,0,0,0,1,1,0,0,https://image.space.rakuten.co.jp/d/strg/ctrl/3/f8baea797837d8bbc2852cf7b2f6b23a025ea2c2.91.2.3.2.jpg,https://recipe.rakuten.co.jp/recipe/1100001028/
60,簡単！揚げない！ナスとオクラの揚げ浸し,0,0,1,0,0,0,0,0,0,0,0,1,0,1,1,https://image.space.rakuten.co.jp/d/strg/ctrl/3/6d24a49874fd19a0cd512577a34b933b05342ab6.86.2.3.2.jpg,https://recipe.rakuten.co.jp/recipe/1890008883/
61,夏旨☆しそジュース★赤紫蘇ジューズ,0,0,1,0,1,0,0,0,0,0,0,0,0,0,0,https://image.space.rakuten.co.jp/d/strg/ctrl/3/fe8717b3b23f3313de87eb0d03abd9e0676bb82f.66.2.3.2.jpg,https://recipe.rakuten.co.jp/recipe/1330001839/
62,赤紫蘇ジュースでさっぱり,0,0,1,0,1,0,0,0,0,0,0,0,1,0,0,https://image.space.rakuten.co.jp/d/strg/ctrl/3/14f550973c02c1ce62672dad5c6074e19bcc31bc.20.2.3.2.jpg,https://recipe.rakuten.co.jp/recipe/1840015775/
63,間違っていませんか？バナナの冷凍保存,0,0,0,1,1,0,0,0,0,0,0,0,1,0,0,https://image.space.rakuten.co.jp/d/strg/ctrl/3/b100819ba66c2bfec895b5982416b49e72bdda2f.67.2.3.2.jpg,https://recipe.rakuten.co.jp/recipe/1140007845/
64,簡単♪納豆パスタ★バター醤油味,0,0,0,0,0,1,1,0,0,0,1,0,1,0,0,https://image.space.rakuten.co.jp/d/strg/ctrl/3/9bbea5db2caee6f0b94211a0d20cb3348408a967.07.2.3.2.jpg,https://recipe.rakuten.co.jp/recipe/1370003029/
65,水切りなし♡豆腐でボリューム♡ふわふわ鶏つくね,0,1,1,0,0,0,1,0,0,0,0,0,1,0,1,https://image.space.rakuten.co.jp/d/strg/ctrl/3/9351681bba5daf05f49e4dc081599e7acc48fed2.69.2.3.2.jpg,https://recipe.rakuten.co.jp/recipe/1670008437/
66,大葉香る♪簡単ふわふわ豆腐鶏つくね☆,0,1,1,0,0,0,1,0,0,0,0,0,1,0,1,https://image.space.rakuten.co.jp/d/strg/ctrl/3/f5a299ffe762bd20fb0016f4a7db7f161b3b6b88.71.2.3.2.jpg,https://recipe.rakuten.co.jp/recipe/1840014339/
67,夏だ！絹ごし豆腐でふんわりゴーヤーチャンプルー♪,0,1,1,0,0,0,1,0,0,0,0,0,0,0,1,https://image.space.rakuten.co.jp/d/strg/ctrl/3/a5fe503e18f2f5abfe27357997b9dd67ceab4db2.74.2.3.2.jpg,https://recipe.rakuten.co.jp/recipe/1310001611/
68,簡単！やみつき！居酒屋風キュウリの漬物！,0,1,1,0,0,0,1,0,0,0,0,0,1,0,0,https://image.space.rakuten.co.jp/d/strg/ctrl/3/89fa42df8273c1999228b6171c6ec4d57f091c73.26.2.3.2.jpg,https://recipe.rakuten.co.jp/recipe/1500010105/
69,半年保存しても青々パリパリ☆胡瓜のパリパリ漬,0,0,1,0,0,0,1,0,0,0,0,1,0,0,0,https://image.space.rakuten.co.jp/d/strg/ctrl/3/b7127a3e32c2b2fa8b676ba390f30eb611c06f2c.45.2.3.2.jpg,https://recipe.rakuten.co.jp/recipe/1460004293/
70,捨てるのはまだ早い！太めの胡瓜のキューちゃん,0,0,1,0,0,0,1,0,0,0,0,1,0,0,0,https://image.space.rakuten.co.jp/d/strg/ctrl/3/a64181a0137513a545fe3ed3105e411295e65830.67.2.3.2.jpg,https://recipe.rakuten.co.jp/recipe/1140020180/
71,ご飯がすすむ♪ 豚肉となすの味噌炒め☆,0,1,1,0,0,0,1,0,0,0,0,0,1,1,0,https://image.space.rakuten.co.jp/d/strg/ctrl/3/b9439a7c2fd591879279d91e61d4fb6b09388f27.92.2.3.2.jpg,https://recipe.rakuten.co.jp/recipe/1390015585/
72,簡単！鶏ももみぞれ煮,0,1,1,0,0,0,1,0,0,0,0,1,0,1,0,https://image.space.rakuten.co.jp/d/strg/ctrl/3/188533faf9e9083e2d46f5fda102729ac7ae3b42.92.2.3.2.jpg,https://recipe.rakuten.co.jp/recipe/1860011598/
73,子どもにも好評♪豚肉と玉ねぎのガリマヨポン♪,0,1,1,0,0,0,1,0,0,0,0,1,1,0,0,https://image.space.rakuten.co.jp/d/strg/ctrl/3/02af1919815a631d3388e1a287dc51e0a1565d08.28.2.3.2.jpg,https://recipe.rakuten.co.jp/recipe/1110012603/
74,茄子だけ☆味噌炒め,0,0,1,0,0,0,1,0,0,0,0,0,0,1,0,https://image.space.rakuten.co.jp/d/strg/ctrl/3/e51b76e7c40247555bfa398ffd62c8834a40362d.86.2.3.2.jpg,https://recipe.rakuten.co.jp/recipe/1210005828/
75,こんがりうまし！ベーコンとじゃがいものバター焼き,0,1,1,0,0,1,1,0,0,0,0,0,0,1,0,https://image.space.rakuten.co.jp/d/strg/ctrl/3/43d95761cd0d984903810d52cfefa3545a1540aa.60.2.3.2.jpg,https://recipe.rakuten.co.jp/recipe/1270005448/
76,失敗しない牛ステーキの焼き方。慌てないでじっくりと,0,1,0,0,0,0,1,0,0,0,0,0,0,1,0,https://image.space.rakuten.co.jp/d/strg/ctrl/3/cd6e66b268185cf5fd4847937165f690acb05216.13.2.3.2.jpg,https://recipe.rakuten.co.jp/recipe/1260005010/
77,簡単おいしい！我が家のチンジャオロース（青椒肉絲）,0,1,1,0,0,0,1,0,0,0,0,0,0,1,0,https://image.space.rakuten.co.jp/d/strg/ctrl/3/99344849a9629cc1e6a22ba9bc4b0eb23f89c410.68.2.3.2.jpg,https://recipe.rakuten.co.jp/recipe/1560004245/
78,本格！麻婆豆腐 ☆　美味しい　☆,0,1,0,0,0,0,1,0,0,0,0,0,1,1,1,https://image.space.rakuten.co.jp/d/strg/ctrl/3/767c436690a636fa01697b6e9b8d399a9fddcb43.05.2.3.2.jpg,https://recipe.rakuten.co.jp/recipe/1920003005/
79,甜麺醤なしで出来る！簡単 ホイコーロー,0,1,1,0,0,0,1,0,0,0,0,0,1,0,0,https://image.space.rakuten.co.jp/d/strg/ctrl/3/a1e10faff3c822e32a92aa8531801e62828eaad2.47.2.3.2.jpg,https://recipe.rakuten.co.jp/recipe/1090001352/
80,簡単一品！激ウマもやしのナムル,0,1,1,0,0,0,1,0,0,0,0,0,1,0,0,https://image.space.rakuten.co.jp/d/strg/ctrl/3/fe9d063ef4b6f020732540e0e97020ce1024bb00.83.2.3.2.jpg,https://recipe.rakuten.co.jp/recipe/1620021351/
81,お家で簡単☆焼肉屋さんのにんにくのホイル焼き,0,1,1,0,0,0,0,0,0,0,0,0,0,1,0,https://image.space.rakuten.co.jp/d/strg/ctrl/3/e879c75f004b35f17d1e57d03220f547706885ed.85.2.3.2.jpg,https://recipe.rakuten.co.jp/recipe/1200009055/
82,〔韓国料理〕トッポギ～ 韓国餅の甘辛和え～,0,0,1,0,0,0,1,0,1,0,0,0,1,1,0,https://image.space.rakuten.co.jp/d/strg/ctrl/3/f976c26954840ad70ecdc959bb92532fd6646940.20.2.3.2.jpg,https://recipe.rakuten.co.jp/recipe/1570012758/
83,簡単♪カルパッチョソース,0,0,0,0,0,0,1,0,0,0,0,1,1,1,0,https://image.space.rakuten.co.jp/d/strg/ctrl/3/a43cf29fcf886b7e03d3b0e223c8dbca9a132bab.15.2.3.2.jpg,https://recipe.rakuten.co.jp/recipe/1270004471/
84,小麦粉だけで作る生地！すぐできる簡単ピザ,0,0,1,0,0,1,1,0,0,0,1,0,1,0,0,https://image.space.rakuten.co.jp/d/strg/ctrl/3/f9e3af3dee331763b98c8fdc404f67e8bccda38b.57.2.3.2.jpg,https://recipe.rakuten.co.jp/recipe/1130004197/
85,鶏むね肉で＊節約＊ピカタ☆ お箸で切れる♪,0,1,1,0,0,1,1,0,0,0,0,0,1,1,0,https://image.space.rakuten.co.jp/d/strg/ctrl/3/610f48759ad1baa9d120116a4654ddf09245c4e8.78.2.3.2.jpg,https://recipe.rakuten.co.jp/recipe/1740010244/
86,パプリカ・たまねぎ・きゅうりのカラフルマリネ,0,0,1,0,0,0,1,0,0,0,0,1,1,0,0,https://image.space.rakuten.co.jp/d/strg/ctrl/3/da8bda50e951e6f392786804ed66c9279b8ffa6a.07.2.3.2.jpg,https://recipe.rakuten.co.jp/recipe/1760006611/
87,簡単5分の作りおき☆夏にぴったりプチトマトのマリネ,0,0,1,0,0,0,1,0,0,0,0,1,1,0,0,https://image.space.rakuten.co.jp/d/strg/ctrl/3/7981ae10711273e4201a9cb04042b3d0d3e9992a.44.2.3.2.jpg,https://recipe.rakuten.co.jp/recipe/1580038950/
88,紫玉ねぎのマリネ♬,0,0,1,0,0,0,1,0,0,0,0,1,0,0,0,https://image.space.rakuten.co.jp/d/strg/ctrl/3/8ee1f3aa555e55addc00f5a4d864ebe064b0d952.54.2.3.2.jpg,https://recipe.rakuten.co.jp/recipe/1090004622/
89,【夫婦のおつまみ】夏野菜たっぷり♡ラタトゥイユ,0,0,1,0,0,1,1,1,0,0,0,0,1,1,0,https://image.space.rakuten.co.jp/d/strg/ctrl/3/f0657435587c4ee4a8c83a4561b31455f4b56ce6.65.2.3.2.jpg,https://recipe.rakuten.co.jp/recipe/1060011638/
90,簡単！美味い！海老のアヒージョ,1,0,1,0,0,0,1,0,0,0,0,0,1,0,0,https://image.space.rakuten.co.jp/d/strg/ctrl/3/8637df6cc633e79e0db287d06c0f68b421643275.39.2.3.2.jpg,https://recipe.rakuten.co.jp/recipe/1030004155/
91,ロシア人の先生に教わった ボルシチ,0,1,1,0,0,0,1,0,0,1,0,1,0,0,0,https://image.space.rakuten.co.jp/d/strg/ctrl/3/2555ee86b7e1d6adae42cb9bf7829572fe51b339.26.2.3.2.jpg,https://recipe.rakuten.co.jp/recipe/1920016017/
92,パンが足りなくなる！きのことベーコンのアヒージョ,0,1,1,0,0,0,1,1,0,0,0,0,1,0,0,https://image.space.rakuten.co.jp/d/strg/ctrl/3/ab303966c4e1466fe35a7daa46cbcd9150a0e0ba.20.2.3.2.jpg,https://recipe.rakuten.co.jp/recipe/1170011695/
93,真っ赤な本格ボルシチ,0,1,1,0,0,1,1,0,0,0,0,0,0,0,0,https://image.space.rakuten.co.jp/d/strg/ctrl/3/ec6af430c97d83c45ad73ac6040c97093efbf1ec.54.2.3.2.jpg,https://recipe.rakuten.co.jp/recipe/1080010139/
94,シンプル☆海老の生春巻き,1,0,1,0,0,0,1,0,0,0,0,0,1,1,0,https://image.space.rakuten.co.jp/d/strg/ctrl/3/317d8d6c8f204035ba81e2c3742e568bd3ad8ac5.12.2.3.2.jpg,https://recipe.rakuten.co.jp/recipe/1510018698/
95,基本のスパイスカレー,0,0,1,0,1,0,1,0,0,1,0,1,0,0,0,https://image.space.rakuten.co.jp/d/strg/ctrl/3/3e7c8c9631970bd4f79ea22df69a2904ebf1477f.66.2.3.2.jpg,https://recipe.rakuten.co.jp/recipe/1160040539/
96,シェフの夫から教わる★簡単グリーンカレー,0,1,1,0,0,1,0,0,0,1,0,0,1,1,0,https://image.space.rakuten.co.jp/d/strg/ctrl/3/cdc775f860420a48e44a9888acada13a93031b25.81.2.3.2.jpg,https://recipe.rakuten.co.jp/recipe/1200010691/
97,一番簡単！本格的もっちもちふわふわナンの作り方,0,0,0,0,1,0,0,1,0,0,0,0,1,0,1,https://image.space.rakuten.co.jp/d/strg/ctrl/3/fb8321704f2817600afa2010aceaf1660323424e.50.2.3.2.jpg,https://recipe.rakuten.co.jp/recipe/1110001387/
98,沖縄の味★タコライス,0,1,1,0,0,1,1,0,0,0,1,0,0,1,0,https://image.space.rakuten.co.jp/d/strg/ctrl/3/37a3b25623256e1f557a839c98ac3f447ea0ab8a.07.2.3.2.jpg,https://recipe.rakuten.co.jp/recipe/1370002492/
99,食べ過ぎ要注意！豚肉と茄子ともやしのンブシー,0,1,1,0,0,0,1,0,0,0,0,0,0,0,0,https://image.space.rakuten.co.jp/d/strg/ctrl/3/c2e8c5543dff649ca541dfaf1d78675b081d5754.80.2.3.2.jpg,https://recipe.rakuten.co.jp/recipe/1360008018/
100,【沖縄】圧力鍋でとろとろ♪豚軟骨ソーキ煮,0,1,0,0,0,0,1,0,0,0,0,0,0,0,1,https://image.space.rakuten.co.jp/d/strg/ctrl/3/f15fe7b1519b0f5936dd8c605b1c8c86bb935e07.31.2.3.2.jpg,https://recipe.rakuten.co.jp/recipe/1670017002/
101,野菜たっぷり！！鮭のちゃんちゃん焼き,1,0,1,0,0,1,1,1,0,0,0,0,0,1,0,https://image.space.rakuten.co.jp/d/strg/ctrl/3/24435dd2f2e8891b6ccf1f055ce39d7bc8f8c0e3.68.2.3.2.jpg,https://recipe.rakuten.co.jp/recipe/1740006209/
102,手作りタレで～いつでもジンギスカン☆,0,1,1,0,0,0,1,0,0,0,0,0,0,0,0,https://image.space.rakuten.co.jp/d/strg/ctrl/3/4ca5e465dc0973da550b64d21d34500d9b01b70d.60.2.3.2.jpg,https://recipe.rakuten.co.jp/recipe/1270004480/
103,フライパンで♪塩鮭のちゃんちゃん焼き,1,0,1,0,0,1,1,1,0,0,0,0,1,1,0,https://image.space.rakuten.co.jp/d/strg/ctrl/3/249819f1693db4111a828932f054a2d30bb03660.18.2.3.2.jpg,https://recipe.rakuten.co.jp/recipe/1560010127/
104,福島の味♪簡単☆味噌かんぷら,0,0,1,0,0,0,1,0,0,0,0,0,1,0,0,https://image.space.rakuten.co.jp/d/strg/ctrl/3/822442ddcb4543811413dac18424f5b13f1bafb3.99.2.3.2.jpg,https://recipe.rakuten.co.jp/recipe/1200009970/
105,ジューシーな餃子☆,0,1,1,0,0,0,1,0,1,0,0,0,1,0,0,https://image.space.rakuten.co.jp/d/strg/ctrl/3/cec263837c9c6768cf2a0681d5821560c9004983.86.2.3.2.jpg,https://recipe.rakuten.co.jp/recipe/1890007735/
106,しっかり下味　さめてもおいしいからあげ,0,1,0,0,0,0,1,0,0,0,0,0,0,1,0,https://image.space.rakuten.co.jp/d/strg/ctrl/3/86175dea5ee1ea2563cbe1c2ce776c3aaae3b543.04.1.3.2.jpg,https://recipe.rakuten.co.jp/recipe/1170000521/
107,大皿メニュー！だし巻き卵の大根おろしあんかけ,0,0,1,0,0,0,1,0,0,0,0,0,0,0,0,https://image.space.rakuten.co.jp/d/strg/ctrl/3/356b7ccaa94b5a82ce3c333def44f55b8b282a84.69.2.3.2.jpg,https://recipe.rakuten.co.jp/recipe/1080021460/
108,一番簡単★筑前煮,0,1,0,0,0,0,1,0,0,0,0,0,0,1,0,https://image.space.rakuten.co.jp/d/strg/ctrl/3/512eca8fc387c896be087536aec43770682f86ff.82.2.3.2.jpg,https://recipe.rakuten.co.jp/recipe/1310000439/
109,トロトロ茄子の。。味噌チーズ焼き♪,0,0,1,0,0,1,1,0,0,0,0,0,1,1,1,https://image.space.rakuten.co.jp/d/strg/ctrl/3/338b530bf5bc7256c56ac32ded3c43646ae19fa0.86.2.3.2.jpg,https://recipe.rakuten.co.jp/recipe/1210006615/
110,簡単！失敗なしのローストビーフ♡絶品ソース！,0,1,1,0,0,0,1,0,0,0,0,1,0,1,0,https://image.space.rakuten.co.jp/d/strg/ctrl/3/cddae7154451f5d2b28c2115f1710afb182e2f69.86.2.3.2.jpg,https://recipe.rakuten.co.jp/recipe/1890008967/
111,鮭ときゅうりと炒り卵のちらし寿司,1,0,1,0,0,0,1,0,0,0,0,1,0,0,0,https://image.space.rakuten.co.jp/d/strg/ctrl/3/014ee24949d2a402fec52b8dffd57b557dd3a15c.75.2.3.2.jpg,https://recipe.rakuten.co.jp/recipe/1570015698/
112,バナナジャム,0,0,0,1,1,0,0,1,0,0,0,0,0,1,0,https://image.space.rakuten.co.jp/d/strg/ctrl/3/83b20a60c8f71224005b3672f4d5fc5e1ad096d2.66.2.3.2.jpg,https://recipe.rakuten.co.jp/recipe/1320012816/
113,お家にあるものでちらし寿司の具,1,0,0,0,0,0,1,0,0,0,0,0,1,0,0,https://image.space.rakuten.co.jp/d/strg/ctrl/3/292e7fbce7101dc22dbf0a1b4f7d21e02602caf1.81.2.3.2.jpg,https://recipe.rakuten.co.jp/recipe/1430009066/
114,酒粕で簡単！ほっこり甘酒,0,0,0,0,1,0,1,0,0,0,0,0,1,1,1,https://image.space.rakuten.co.jp/d/strg/ctrl/3/103294ae4b62335e326f37b3af40648e7b38ff77.92.2.3.2.jpg,https://recipe.rakuten.co.jp/recipe/1390020308/
